Highway,Site
M6Toll,7671/1
M6Toll,7671/2
M6Toll,7672/1
M6Toll,7672/2
M6Toll,7673/1
M6Toll,7673/2
M6Toll,7674/1
M6Toll,7674/2
M6Toll,7675/1
M6Toll,7675/2
M6Toll,7676/1
M6Toll,7676/2
M6Toll,7677/1
M6Toll,7678/1
M6Toll,7678/2
M6Toll,7679/1
M6Toll,7679/2
M6Toll,7680/1
M6Toll,7680/2
M6Toll,7681/1
M6Toll,7681/2
M6Toll,7682/1
M6Toll,7682/2
M6,M6/5686A
M6,M6/5686B
M6,M6/5689B
M6,M6/5690A
M6,M6/5692A
M6,M6/5697A
M6,M6/5697B
M6,M6/5697J
M6,M6/5701A
M6,M6/5701B
M6,M6/5707B
M6,M6/5711B
M6,M6/5711L
M6,M6/5712L
M6,M6/5713A
M6,M6/5716B
M6,M6/5717L
M6,M6/5718B
M6,M6/5718A
M6,M6/5719B
M6,M6/5726A
M6,M6/5728B
M6,M6/5730A
M6,M6/5732B
M6,M6/5722A
M6,M6/5722B
M6,M6/5733A
M6,M6/5735B
M6,M6/5737A
M6,M6/5739B
M6,M6/5742A
M6,M6/5742B
M6,M6/5745B
M6,M6/5746A
M6,M6/5748B
M6,M6/5749A
M6,M6/5751L
M6,M6/5751B
M6,M6/5750K
M6,M6/5752A
M6,M6/5754B
M6,M6/5754A
M6,M6/5754A
M6,M6/5757B
M6,M6/5757A
M6,M6/5760A
M6,M6/5761B
M6,M6/5763A
M6,M6/5764B
M6,M6/5765B
M6,M6/5769B
M6,M6/5769A
M6,M6/5772A
M6,M6/5774B
M6,M6/5775A
M6,M6/5778B
M6,M6/5778A
M6,M6/5781A
M6,M6/5782B
M6,M6/5783J
M6,M6/5784A
M6,M6/5784B
M6,M6/5788A
M6,M6/5788B
M6,M6/5791A
M6,M6/5791B
M6,M6/5795A
M6,M6/5795B
M6,M6/5798A
M6,M6/5798B
M6,M6/5804A
M6,M6/5804B
M6,M6/5807A
M6,M6/5807B
M6,M6/5810A
M6,M6/5810B
M6,M6/5813A
M6,M6/5813B
M6,M6/5819A
M6,M6/5819B
M6,M6/5822A
M6,M6/5822B
M6,M6/5826A
M6,M6/5826B
M6,M6/5831A
M6,M6/5829B
M6,M6/5832B
M6,M6/5834J
M6,M6/5834A
M6,M6/5834M
M6,M6/5835B
M6,M6/5839K
M6,M6/5838B
M6,M6/5838A
M6,M6/5839L
M6,M6/5841A
M6,M6/5841B
M6,M6/5845A
M6,M6/5845B
M6,M6/5848B
M6,M6/5848A
M6,M6/5851B
M6,M6/5851A
M6,M6/5854B
M6,M6/5854A
M6,M6/5857B
M6,M6/5857A
M6,M6/5860B
M6,M6/5860A
M6,M6/5865B
M6,M6/5865A
M6,M6/5868B
M6,M6/5868A
M6,M6/5870B
M6,M6/5870A
M6,M6/5873B
M6,M6/5873A
M6,M6/5880B
M6,M6/5880A
M6,M6/5884B
M6,M6/5884A
M6,M6/5887B
M6,M6/5887A
M6,M6/5891A
M6,M6/5892B
M6,M6/5895B
M6,M6/5895A
M6,M6/5900B
M6,M6/5900A
M6,M6/5900M
M6,M6/5903A
M6,M6/5905L
M6,M6/5905K
M6,M6/5906B
M6,M6/5908A
M6,M6/5911B
M6,M6/5913A
M6,M6/5914M
M6,M6/5916B
M6,M6/5924A
M6,M6/5924B
M6,M6/5927A
M6,M6/5927B
M6,M6/5931A
M6,M6/5931B
M6,M6/5934A
M6,M6/5934B
M6,M6/5936K
M6,M6/5936L
M6,M6/5941B
M6,M6/5937B
M6,M6/5937A
M6,M6/5939L
M6,M6/5939B
M6,M6/5942A
M6,M6/5943B
M6,M6/5945A
M6,M6/5945B
M6,M6/5947A
M6,M6/5947B
M6,M6/5950A
M6,M6/5950B
M6,M6/5953A
M6,M6/5955M
M6,M6/5955J
M6,M6/5956A
M6,M6/5956B
M6,M6/5959L
M6,M6/5959K
M6,M6/5960B
M6,M6/5960A
M6,M6/5962B
M6,M6/5963A
M6,M6/5967A
M6,M6/5967B
M6,M6/5968B6
M6,M6/5968B5
M6,M6/5969B
M6,M6/5969A
M6,M6/5973B
M6,M6/5973A
M6,M6/5976A
M6,M6/5976B
M6,M6/5977J
M6,M6/5978M
M6,M6/5979A
M6,M6/5979B
M6,M6/5983A
M6,M6/5983B
M6,M6/5984L
M6,M6/5984K
M6,M6/5986B
M6,M6/5986A
M6,M6/5989B
M6,M6/5989A
M6,M6/5993B
M6,M6/5993A
M6,M6/5997B
M6,M6/5997A
M6,M6/6000B
M6,M6/6000A
M6,M6/6005B
M6,M6/6005A
M6,M6/6009B
M6,M6/6009A
M6,M6/6013B
M6,M6/6013A
M6,M6/6016B
M6,M6/6016A
M6,M6/6020B
M6,M6/6020A
M6,M6/6024B
M6,M6/6023A
M6,M6/6025A
M6,M6/6028A
M6,M6/6029B
M6,M6/6032A
M6,M6/6032B
M6,M6/6036A
M6,M6/6036J
M6,M6/6040B
M6,M6/6040A
M6,M6/6041M
M6,M6/6042A
M6,M6/6042J
M6,M6/6046B
M6,M6/6046A
M6,M6/6046L
M6,M6/6051J
M6,M6/6050B
M6,M6/6052A
M6,M6/6054B
M6,M6/6054A
M6,M6/6054B
M6,M6/6056L
M6,M6/6058A
M6,M6/6058B
M6,M6/6061A
M6,M6/6061B
M6,M6/6061L
M6,M6/6065A
M6,M6/6065J
M6,M6/6067B
M6,M6/6067A
M6,M6/6067M
M6,M6/6067J
M6,M6/6070A
M6,M6/6070B
M6,M6/6073A
M6,M6/6073K
M6,M6/6075L
M6,M6/6075B
M6,M6/6077A
M6,M6/6077K
M6,M6/6078L
M6,M6/6078B
M6,M6/6080A
M6,M6/6080K
M6,M6/6085A
M6,M6/6081B
M6,M6/6085K
M6,M6/6086B
M6 North,M6/6089A
M6 North,M600/1516B
M6 North,M6/6092B
M6 North,M6/6093A
M6 North,M600/1520B
M6 North,M6/6098A
M6 North,M600/1525B
M6 North,M6/6101B
M6 North,M6/6101A
M6 North,M600/1530B
M6 North,M6/6105A
M6 North,M6/6106B
M6 North,M6/6108A
M6 North,M6/6112A
M6 North,M6/6112B
M6 North,M6/6111J
M6 North,M6/6111M
M6 North,M6/6116B
M6 North,M6/6118A
M6 North,M6/6119K
M6 North,M6/6119B
M6 North,M6/6120L
M6 North,M6/6122A
M6 North,M6/6122B
M6 North,M6/6125B
M6 North,M6/6126A
M6 North,M6/6129A
M6 North,M6/6129B
M6 North,M6/6133A
M6 North,M6/6134B
M6 North,M6/6138A
M6 North,M6/6138B
M6 North,M6/6144A
M6 North,M6/6142B
M6 North,M6/6149A
M6 North,M6/6147B
M6 North,M6/6153A
M6 North,M6/6150B
M6 North,M6/6153B
M6 North,M6/6158B
M6 North,M6/6158A
M6 North,M6/6164B
M6 North,M6/6164A
M6 North,M6/6170A
M6 North,M6/6170B
M6 North,M6/6174A
M6 North,M6/6175B
M6 North,M6/6179A
M6 North,M6/6179B
M6 North,M6/6182A
M6 North,M6/6183B
M6 North,M6/6185A
M6 North,M6/6187B
M6 North,M6/6189A
M6 North,M6/6189J
M6 North,M6/6191B
M6 North,M6/6195A
M6 North,M6/6195B
M6 North,M6/6197B
M6 North,M6/6200K
M6 North,M6/6206A
M6 North,M6/6206B
M6 North,M6/6209A
M6 North,M6/6209B
M6 North,M6/6216B
M6 North,M6/6220A
M6 North,M6/6220B
M6 North,M6/6226A
M6 North,M6/6226B
M6 North,M6/6231A
M6 North,M6/6231B
M6 North,M6/6234A
M6 North,M6/6234B
M6 North,M6/6238A
M6 North,M6/6238B
M6 North,M6/6241A
M6 North,M6/6241B
M6 North,M6/6245A
M6 North,M6/6245B
M6 North,M6/6248A
M6 North,M6/6249B
M6 North,M6/6252A
M6 North,M6/6252B
M6 North,M6/6257A
M6 North,M6/6257B
M6 North,M6/6260A
M6 North,M6/6260B
M6 North,M6/6265A
M6 North,M6/6265B
M6 North,M6/6271A
M6 North,M6/6271B
M6 North,M6/6274A
M6 North,M6/6274B
M6 North,M6/6279A
M6 North,M6/6279B
M6 North,M6/6282A
M6 North,M6/6282B
M6 North,M6/6282J
M6 North,M6/6283M
M6 North,M6/6285A
M6 North,M6/6285B
M6 North,M6/6285K
M6 North,M6/6285L
M6 North,M6/6289A
M6 North,M6/6289B
M6 North,M6/6292A
M6 North,M6/6292B
M6 North,M6/6297A
M6 North,M6/6297B
M6 North,M6/6302A
M6 North,M6/6302B
M6 North,M6/6304A
M6 North,M6/6304B
M6 North,M6/6307B
M6 North,M6/6310A
M6 North,M6/6314A
M6 North,M6/6314B
M6 North,M6/6318B
M6 North,M6/6320A
M6 North,M6/6324A
M6 North,M6/6324B
M6 North,M6/6327A
M6 North,M6/6327B
M6 North,M6/6330A
M6 North,M6/6330B
M6 North,M6/6333A
M6 North,M6/6333B
M6 North,M6/6338A
M6 North,M6/6340B
M6 North,M6/6340L
M6 North,M6/6344A
M6 North,M6/6344B
M6 North,M6/6346A
M6 North,M6/6346B
M6 North,M6/6349J
M6 North,M6/6350B
M6 North,M6/6350A
M6 North,M6/6353B
M6 North,M6/6353A
M6 North,M6/6357B
M6 North,M6/6357A
M6 North,M6/6361B
M6 North,M6/6361A
M6 North,M6/6365A
M6 North,M6/6365B
M6 North,M6/6368A
M6 North,M6/6368B
M6 North,M6/6373A
M6 North,M6/6373B
M6 North,M6/6377A
M6 North,M6/6377B
M6 North,M6/6380A
M6 North,M6/6380B
M6 North,M6/6386A
M6 North,M6/6386B
M6 North,M6/6389A
M6 North,M6/6389B
M6 North,M6/6394A
M6 North,M6/6394B
M6 North,M6/6398A
M6 North,M6/6398B
M6 North,M6/6403A
M6 North,M6/6403B
M6 North,M6/6406A
M6 North,M6/6406B
M6 North,M6/6412A
M6 North,M6/6412B
M6 North,M6/6417A
M6 North,M6/6417B
M6 North,M6/6422A
M6 North,M6/6422B
M6 North,M6/6425A
M6 North,M6/6425B
M6 North,M6/6431A
M6 North,M6/6431B
M6 North,M6/6437A
M6 North,M6/6435B
M6 North,M6/6442A
M6 North,M6/6442B
M6 North,M6/6447A
M6 North,M6/6446B
M6 North,M6/6452A
M6 North,M6/6452B
M6 North,M6/6456A
M6 North,M6/6454B
M6 North,M6/6462J
M6 North,M6/6458B
M6 North,M6/6461A
M6 North,M6/6462B
M6 North,M6/6462M
M6 North,M6/6472B
M6 North,M6/6472A
M6 North,M6/6477B
M6 North,M6/6477A
M6 North,M6/6491B
M6 North,M6/6491A
